Swarm Pepe #579	https://raw2.seadn.io/ethereum/0x999ce0ce8c5f7661e0c74a568ffe27ceb9177bdb/66d34136a1cce018d54c8101db443b/df66d34136a1cce018d54c8101db443b.svg
Swarm Pepe #577	https://raw2.seadn.io/ethereum/0x999ce0ce8c5f7661e0c74a568ffe27ceb9177bdb/074c6b5addcb55efcdff83d7b0461c/f6074c6b5addcb55efcdff83d7b0461c.svg
Swarm Pepe #578	https://raw2.seadn.io/ethereum/0x999ce0ce8c5f7661e0c74a568ffe27ceb9177bdb/a831508f93d2e0d4a1c511cbddb747/37a831508f93d2e0d4a1c511cbddb747.svg
Swarm Pepe #575	https://raw2.seadn.io/ethereum/0x999ce0ce8c5f7661e0c74a568ffe27ceb9177bdb/776595c27fd84055501af25f68b135/08776595c27fd84055501af25f68b135.svg
Swarm Pepe #507	https://raw2.seadn.io/ethereum/0x999ce0ce8c5f7661e0c74a568ffe27ceb9177bdb/18235194d4663107f41bd72eb18f36/e618235194d4663107f41bd72eb18f36.svg
Swarm Pepe #475	https://raw2.seadn.io/ethereum/0x999ce0ce8c5f7661e0c74a568ffe27ceb9177bdb/5bc33ab058b75f2de5ee251e801129/de5bc33ab058b75f2de5ee251e801129.svg
Swarm Pepe #959	https://raw2.seadn.io/ethereum/0x999ce0ce8c5f7661e0c74a568ffe27ceb9177bdb/77ac596021e308271547f55106827f/f777ac596021e308271547f55106827f.svg
Swarm Pepe #492	https://raw2.seadn.io/ethereum/0x999ce0ce8c5f7661e0c74a568ffe27ceb9177bdb/b3c255fb43fa8fce322edc1a9155d8/0ab3c255fb43fa8fce322edc1a9155d8.svg
Swarm Pepe #69	https://raw2.seadn.io/ethereum/0x999ce0ce8c5f7661e0c74a568ffe27ceb9177bdb/b8392ce4b4112e94068876aa6da6a3/edb8392ce4b4112e94068876aa6da6a3.svg
Swarm Pepe #622	https://raw2.seadn.io/ethereum/0x999ce0ce8c5f7661e0c74a568ffe27ceb9177bdb/c07d6ed5ea14f4b2c096a7673d639b/fcc07d6ed5ea14f4b2c096a7673d639b.svg
Swarm Pepe #350	https://raw2.seadn.io/ethereum/0x999ce0ce8c5f7661e0c74a568ffe27ceb9177bdb/c0976820deef38624e36765d068443/7ac0976820deef38624e36765d068443.svg
Swarm Pepe #424	https://raw2.seadn.io/ethereum/0x999ce0ce8c5f7661e0c74a568ffe27ceb9177bdb/9387dd19c2b7642b64ceef73adb6b7/6d9387dd19c2b7642b64ceef73adb6b7.svg
Swarm Pepe #205	https://raw2.seadn.io/ethereum/0x999ce0ce8c5f7661e0c74a568ffe27ceb9177bdb/c87a8703da6b5d4e0dfb87e2ae3ed3/20c87a8703da6b5d4e0dfb87e2ae3ed3.svg
Swarm Pepe #361	https://raw2.seadn.io/ethereum/0x999ce0ce8c5f7661e0c74a568ffe27ceb9177bdb/a6d24833a3e617429a9be1c71b4edc/0fa6d24833a3e617429a9be1c71b4edc.svg
Swarm Pepe #366	https://raw2.seadn.io/ethereum/0x999ce0ce8c5f7661e0c74a568ffe27ceb9177bdb/080f830a27e297b3dd64995f509cd1/80080f830a27e297b3dd64995f509cd1.svg
Swarm Pepe #210	https://raw2.seadn.io/ethereum/0x999ce0ce8c5f7661e0c74a568ffe27ceb9177bdb/a065bda1312c2ae73f49f7d1a8e586/0ba065bda1312c2ae73f49f7d1a8e586.svg
Swarm Pepe #395	https://raw2.seadn.io/ethereum/0x999ce0ce8c5f7661e0c74a568ffe27ceb9177bdb/504f492a7b6f14cb264b4ba6fb5fca/e1504f492a7b6f14cb264b4ba6fb5fca.svg
Swarm Pepe #304	https://raw2.seadn.io/ethereum/0x999ce0ce8c5f7661e0c74a568ffe27ceb9177bdb/faece5c3ef020909171f4e3984d889/4bfaece5c3ef020909171f4e3984d889.svg
Swarm Pepe #310	https://raw2.seadn.io/ethereum/0x999ce0ce8c5f7661e0c74a568ffe27ceb9177bdb/804cc578cf4afb68ebe0071fc42dba/db804cc578cf4afb68ebe0071fc42dba.svg
Swarm Pepe #448	https://raw2.seadn.io/ethereum/0x999ce0ce8c5f7661e0c74a568ffe27ceb9177bdb/ce4c75998977062ae2ecef3b24bfbe/e0ce4c75998977062ae2ecef3b24bfbe.svg
Swarm Pepe #287	https://raw2.seadn.io/ethereum/0x999ce0ce8c5f7661e0c74a568ffe27ceb9177bdb/67aae8bf0991cd5037bfe4fc76731b/1c67aae8bf0991cd5037bfe4fc76731b.svg
Swarm Pepe #263	https://raw2.seadn.io/ethereum/0x999ce0ce8c5f7661e0c74a568ffe27ceb9177bdb/355242848eaa1b1ba161a9428c34e9/74355242848eaa1b1ba161a9428c34e9.svg
Swarm Pepe #389	https://raw2.seadn.io/ethereum/0x999ce0ce8c5f7661e0c74a568ffe27ceb9177bdb/469e21b5d54ac33f30bda1db64bcbe/8b469e21b5d54ac33f30bda1db64bcbe.svg
Swarm Pepe #422	https://raw2.seadn.io/ethereum/0x999ce0ce8c5f7661e0c74a568ffe27ceb9177bdb/c89310ae433693e7f0509b34f0e546/6ac89310ae433693e7f0509b34f0e546.svg
Swarm Pepe #409	https://raw2.seadn.io/ethereum/0x999ce0ce8c5f7661e0c74a568ffe27ceb9177bdb/3623e0d69529ae589b900de39382e1/933623e0d69529ae589b900de39382e1.svg
Swarm Pepe #199	https://raw2.seadn.io/ethereum/0x999ce0ce8c5f7661e0c74a568ffe27ceb9177bdb/04873088f8717bb914417f99235e5f/9304873088f8717bb914417f99235e5f.svg
Swarm Pepe #195	https://raw2.seadn.io/ethereum/0x999ce0ce8c5f7661e0c74a568ffe27ceb9177bdb/df821da94dcae3c15fc32ec00756c3/7cdf821da94dcae3c15fc32ec00756c3.svg
Swarm Pepe #487	https://raw2.seadn.io/ethereum/0x999ce0ce8c5f7661e0c74a568ffe27ceb9177bdb/1e98d4f327642108d0ecd246f96337/e21e98d4f327642108d0ecd246f96337.svg
Swarm Pepe #807	https://raw2.seadn.io/ethereum/0x999ce0ce8c5f7661e0c74a568ffe27ceb9177bdb/7edd0351a8e8e0354ebf86760711e8/f27edd0351a8e8e0354ebf86760711e8.svg
Swarm Pepe #250	https://raw2.seadn.io/ethereum/0x999ce0ce8c5f7661e0c74a568ffe27ceb9177bdb/3a2d6fd63c15f51e94ff4132c3ad0a/2b3a2d6fd63c15f51e94ff4132c3ad0a.svg
Swarm Pepe #413	https://raw2.seadn.io/ethereum/0x999ce0ce8c5f7661e0c74a568ffe27ceb9177bdb/bfc9d87f2eff237a2f54bbbb81933d/72bfc9d87f2eff237a2f54bbbb81933d.svg
Swarm Pepe #234	https://raw2.seadn.io/ethereum/0x999ce0ce8c5f7661e0c74a568ffe27ceb9177bdb/f93f736bacfcef3509260e5c18547c/39f93f736bacfcef3509260e5c18547c.svg
Swarm Pepe #474	https://raw2.seadn.io/ethereum/0x999ce0ce8c5f7661e0c74a568ffe27ceb9177bdb/3309848c9be3a7e0613d8882c6ce49/0d3309848c9be3a7e0613d8882c6ce49.svg
Swarm Pepe #771	https://raw2.seadn.io/ethereum/0x999ce0ce8c5f7661e0c74a568ffe27ceb9177bdb/68a22706b25bacda2e1b497b773819/8268a22706b25bacda2e1b497b773819.svg
Swarm Pepe #589	https://raw2.seadn.io/ethereum/0x999ce0ce8c5f7661e0c74a568ffe27ceb9177bdb/c41106e2072007c2fd71e5c7e8e1f1/bec41106e2072007c2fd71e5c7e8e1f1.svg
Swarm Pepe #808	https://raw2.seadn.io/ethereum/0x999ce0ce8c5f7661e0c74a568ffe27ceb9177bdb/22ca6128532acdfdd0a57cbcaabe4b/3f22ca6128532acdfdd0a57cbcaabe4b.svg
Swarm Pepe #590	https://raw2.seadn.io/ethereum/0x999ce0ce8c5f7661e0c74a568ffe27ceb9177bdb/1b0db0608e6d37bdd879ff07787b18/701b0db0608e6d37bdd879ff07787b18.svg
Swarm Pepe #698	https://raw2.seadn.io/ethereum/0x999ce0ce8c5f7661e0c74a568ffe27ceb9177bdb/e147615b7671a22a53328c97a8d798/aae147615b7671a22a53328c97a8d798.svg
Swarm Pepe #495	https://raw2.seadn.io/ethereum/0x999ce0ce8c5f7661e0c74a568ffe27ceb9177bdb/7fff2ff78e3982d337c6bb37daac34/317fff2ff78e3982d337c6bb37daac34.svg
Swarm Pepe #517	https://raw2.seadn.io/ethereum/0x999ce0ce8c5f7661e0c74a568ffe27ceb9177bdb/334a10ab029303597119e25bc45215/02334a10ab029303597119e25bc45215.svg
Swarm Pepe #564	https://raw2.seadn.io/ethereum/0x999ce0ce8c5f7661e0c74a568ffe27ceb9177bdb/fd5da4c7765952117feafd4049d159/fbfd5da4c7765952117feafd4049d159.svg
Swarm Pepe #757	https://raw2.seadn.io/ethereum/0x999ce0ce8c5f7661e0c74a568ffe27ceb9177bdb/5d8505c02f7e6c76ed0c5dca3374d0/e05d8505c02f7e6c76ed0c5dca3374d0.svg
Swarm Pepe #972	https://raw2.seadn.io/ethereum/0x999ce0ce8c5f7661e0c74a568ffe27ceb9177bdb/ecb0ff9739c4c09f3f6d8c0bd33c2c/7aecb0ff9739c4c09f3f6d8c0bd33c2c.svg
Swarm Pepe #971	https://raw2.seadn.io/ethereum/0x999ce0ce8c5f7661e0c74a568ffe27ceb9177bdb/33fe5e3314c9b96046d333a05597b6/ad33fe5e3314c9b96046d333a05597b6.svg
Swarm Pepe #970	https://raw2.seadn.io/ethereum/0x999ce0ce8c5f7661e0c74a568ffe27ceb9177bdb/c13501e5fbd14b55a194c2230c1edc/0dc13501e5fbd14b55a194c2230c1edc.svg
Swarm Pepe #960	https://raw2.seadn.io/ethereum/0x999ce0ce8c5f7661e0c74a568ffe27ceb9177bdb/6b8491810754b7ded6fb203e2669fd/d56b8491810754b7ded6fb203e2669fd.svg
Swarm Pepe #1052	https://raw2.seadn.io/ethereum/0x999ce0ce8c5f7661e0c74a568ffe27ceb9177bdb/62c504b636d2daddc8dab41f2c0f32/dd62c504b636d2daddc8dab41f2c0f32.svg
Swarm Pepe #509	https://raw2.seadn.io/ethereum/0x999ce0ce8c5f7661e0c74a568ffe27ceb9177bdb/84621ce6fc0112b5f2e6f8f6d7da2d/7984621ce6fc0112b5f2e6f8f6d7da2d.svg
Swarm Pepe #376	https://raw2.seadn.io/ethereum/0x999ce0ce8c5f7661e0c74a568ffe27ceb9177bdb/7a8e60298a1743e6f72cadcb459aee/ed7a8e60298a1743e6f72cadcb459aee.svg
Swarm Pepe #217	https://raw2.seadn.io/ethereum/0x999ce0ce8c5f7661e0c74a568ffe27ceb9177bdb/06dcc8f369ba71a1cea2a5ae92d990/6606dcc8f369ba71a1cea2a5ae92d990.svg